Date,DAL,DAL_Change_Pct,AAL,AAL_Change_Pct
2020-01-02,58.51190948,,28.98289299,
2020-01-03,57.54067612,-1.659890057,27.54819489,-4.950154925
2020-01-06,57.14424896,-0.688951158,27.21940994,-1.193489969
2020-01-07,57.09469604,-0.086715493,27.11977768,-0.366033883
2020-01-08,58.32360458,2.15240403,27.73749542,2.277738963
2020-01-09,58.43262482,0.186923003,27.84709167,0.395119497
2020-01-10,58.71012115,0.474899662,27.21940994,-2.254029755
2020-01-13,58.95788193,0.422006918,27.28915215,0.256222317
2020-01-14,60.90035248,3.294674922,27.42863846,0.511141981
2020-01-15,61.06882858,0.276642249,27.47845268,0.181613915
2020-01-16,61.32650375,0.42194222,28.12606049,2.356784099
2020-01-17,61.47515869,0.242399173,28.29543304,0.602190835
2020-01-21,59.80028152,-2.724477988,27.09985352,-4.225344517
2020-01-22,59.10654068,-1.160096286,27.21940994,0.441170012
2020-01-23,59.73090744,1.056341232,28.69396019,5.417274843
2020-01-24,58.28396225,-2.422439659,27.5382309,-4.027778969
2020-01-27,56.32167816,-3.36676508,26.01386642,-5.535448073
2020-01-28,56.96585846,1.14375196,26.80095673,3.025656735
2020-01-29,56.14328384,-1.443978266,26.70132446,-0.371748905
2020-01-30,56.5892601,0.794353709,27.61793709,3.4328358
2020-01-31,55.24142838,-2.381780083,26.74117851,-3.174598351
2020-02-03,55.53874207,0.538207825,27.05999947,1.192247205
2020-02-04,57.41183853,3.37259433,28.43000031,5.062826557
2020-02-05,58.36324692,1.657164116,29.10000038,2.356665737
2020-02-06,57.6595993,-1.205634797,28.29999924,-2.74914479
2020-02-07,57.40192413,-0.446890325,28.37999916,0.28268525
2020-02-10,57.19380188,-0.362570169,28.79000092,1.444685577
2020-02-11,58.1353035,1.646160225,29.84000015,3.647096921
2020-02-12,58.93806076,1.38084299,30.46999931,2.11125723
2020-02-13,58.60110474,-0.571712099,30.09000015,-1.247125597
2020-02-14,58.3731575,-0.388981123,29.20000076,-2.957791243
2020-02-18,58.19477081,-0.30559712,28.62999916,-1.95206023
2020-02-19,58.38735962,0.330938336,28.32999992,-1.047849269
2020-02-20,58.25763702,-0.22217582,28.51000023,0.635369946
2020-02-21,57.748703,-0.873591939,27.81999969,-2.420205291
2020-02-24,54.11633301,-6.289959438,25.45000076,-8.519047296
2020-02-25,50.78333282,-6.158954234,23.12000084,-9.155205713
2020-02-26,49.4860611,-2.554522629,22.30999947,-3.50346602
2020-02-27,48.08899307,-2.823154627,20.60000038,-7.664720419
2020-02-28,46.03331375,-4.27473979,19.04999924,-7.524277261
2020-03-02,47.06115341,2.232817012,18.86000061,-0.997368159
2020-03-03,46.08320618,-2.078034991,17.85000038,-5.355250245
2020-03-04,48.39834595,5.023825299,18.53000069,3.809525438
2020-03-05,44.91565704,-7.195884148,16.04000092,-13.43766691
2020-03-06,45.79381561,1.95512796,15.97000027,-0.436412996
2020-03-09,43.42878342,-5.164523123,14.75,-7.639325276
2020-03-10,45.37469482,4.480695185,17,15.25423729
2020-03-11,42.58056259,-6.157908595,16.26000023,-4.35293983
2020-03-12,33.63934326,-20.99835884,13.44999981,-17.28167515
2020-03-13,38.27959824,13.79413069,14.31000042,6.394056673
2020-03-16,35.73494339,-6.647548468,15.92000008,11.25087079
2020-03-17,31.67347336,-11.36554209,15.57999992,-2.13567934
2020-03-18,23.44076538,-25.99243816,11.64999962,-25.22464907
2020-03-19,21.46491623,-8.429115345,10.28999996,-11.67381718
2020-03-20,21.30525017,-0.743846655,10.38000011,0.874637055
2020-03-23,22.17342567,4.074936928,10.25,-1.252409567
2020-03-24,26.83363724,21.01710233,13.92000008,35.80487879
2020-03-25,31.03481483,15.65638516,15.39000034,10.56034669
2020-03-26,31.63355827,1.92926377,15.65999985,1.754382703
2020-03-27,29.4880619,-6.78234282,14.03999996,-10.34482696
2020-03-30,28.60990715,-2.978000919,12.25,-12.74928751
2020-03-31,28.47020149,-0.488312168,12.18999958,-0.489799344
2020-04-01,23.81996918,-16.33368249,10.68999958,-12.30516859
2020-04-02,22.63246346,-4.985336938,10.06000042,-5.893350659
2020-04-03,22.43288231,-0.881835716,9.390000343,-6.660040242
2020-04-06,22.27321625,-0.711750096,9.5,1.1714553
2020-04-07,22.20336342,-0.313618061,10.22000027,7.578950179
2020-04-08,23.18130875,4.40449183,11.32999992,10.86105311
2020-04-09,24.33887863,4.993548457,12.51000023,10.41483065
2020-04-13,23.20126724,-4.674050133,11.56000042,-7.593923197
2020-04-14,24.48856544,5.548396081,11.94999981,3.37369702
2020-04-15,24.29896355,-0.774246652,12.28999996,2.845189607
2020-04-16,22.73225403,-6.447639281,11.06999969,-9.926771935
2020-04-17,24.21913147,6.540827142,11.56999969,4.516711958
2020-04-20,23.59045029,-2.595803998,11.06000042,-4.407945451
2020-04-21,23.05158234,-2.284263098,11,-0.542499253
2020-04-22,22.42290306,-2.727271674,10.27000046,-6.636359475
2020-04-23,22.43288231,0.04450471,10.25,-0.194746416
2020-04-24,22.36302948,-0.311385884,10.31000042,0.585369947
2020-04-27,22.11355209,-1.115579563,10.02000046,-2.812802619
2020-04-28,24.2889843,9.837552086,11.26000023,12.37524665
2020-04-29,27.26273727,12.24321667,12.63000011,12.16696144
2020-04-30,25.85569191,-5.161056831,12.01000023,-4.908946001
2020-05-01,24.06944466,-6.908526214,10.64000034,-11.40715953
2020-05-04,22.52269363,-6.426201537,9.819999695,-7.706772764
2020-05-05,21.66449547,-3.810370908,9.510000229,-3.15681747
2020-05-06,20.95598412,-3.270380118,9.25,-2.733966589
2020-05-07,21.63455963,3.238099017,9.539999962,3.135134723
2020-05-08,22.67237854,4.797041985,10.14000034,6.2893122
2020-05-11,21.96386719,-3.124997897,10.10000038,-0.394476928
2020-05-12,20.98592186,-4.452518855,9.649999619,-4.45545293
2020-05-13,19.3693161,-7.703286849,9.109999657,-5.595854748
2020-05-14,19.33937836,-0.154562732,9.149999619,0.439077534
2020-05-15,19.14977837,-0.980383068,9.039999962,-1.20218209
2020-05-18,21.81418228,13.9134974,9.869999886,9.181415124
2020-05-19,21.71439171,-0.457457318,9.640000343,-2.330289209
2020-05-20,22.67237854,4.411759926,9.869999886,2.385887283
2020-05-21,23.11145592,1.936618059,9.890000343,0.202638885
2020-05-22,22.6424427,-2.029353823,9.699999809,-1.92113779
2020-05-26,25.59623718,13.04538789,11.14000034,14.84536662
2020-05-27,26.26483345,2.612088109,11.97999954,7.54038755
2020-05-28,25.60621643,-2.507600213,10.97999954,-8.347245728
2020-05-29,25.15715981,-1.753701593,10.5,-4.371580713
2020-06-01,26.11514854,3.808016272,11.10999966,5.80952054
2020-06-02,26.35464478,0.917077805,11.22000027,0.990104534
2020-06-03,28.410326,7.800071851,11.85000038,5.614974148
2020-06-04,32.31213379,13.73376632,16.71999931,41.09703608
2020-06-05,34.08840179,5.497216671,18.59000015,11.184216
2020-06-08,36.89251328,8.225998677,20.30999947,9.252282406
2020-06-09,34.09837723,-7.57372106,18.54999924,-8.665683285
2020-06-10,31.57368279,-7.404148373,17.02000046,-8.247972195
2020-06-11,27.14299011,-14.03286624,14.38000011,-15.51116494
2020-06-12,30.36621857,11.87499403,16.73999977,16.41168037
2020-06-15,30.3961544,0.098582696,16.70000076,-0.238942704
2020-06-16,31.23439407,2.757716186,17.03000069,1.976047357
2020-06-17,30.65561104,-1.853031097,16.97999954,-0.293606238
2020-06-18,30.72546577,0.227869333,16.48999977,-2.885746669
2020-06-19,29.44814682,-4.157199646,16,-2.971496531
2020-06-22,29.24856567,-0.677737541,14.92000008,-6.749999523
2020-06-23,29.57787323,1.125893009,14,-6.166220319
2020-06-24,27.28269577,-7.759778541,13.03999996,-6.85714313
2020-06-25,27.95129204,2.450623917,13.17000008,0.996933396
2020-06-26,26.85359573,-3.927175541,12.38000011,-5.998481073
2020-06-29,28.55003357,6.317358213,13.31999969,7.592888301
2020-06-30,27.99120712,-1.957358282,13.06999969,-1.87687692
2020-07-01,27.64194107,-1.247770597,12.81000042,-1.989282948
2020-07-02,27.66189766,0.07219677,12.5,-2.419987584
2020-07-06,28.38039017,2.597408597,12.80000019,2.400001526
2020-07-07,26.95338821,-5.028126621,11.90999985,-6.953127579
2020-07-08,26.95338821,0,11.98999977,0.671703818
2020-07-09,25.59623718,-5.035177844,11.18000031,-6.755625366
2020-07-10,27.03322029,5.614040448,11.93999958,6.797846641
2020-07-13,26.76378441,-0.996684375,11.63000011,-2.596310526
2020-07-14,26.05527496,-2.647269289,11.56999969,-0.51591074
2020-07-15,28.54005432,9.536569318,13.43999958,16.16248863
2020-07-16,27.20286369,-4.685312134,12.44999981,-7.366069956
2020-07-17,26.9933033,-0.77036152,11.90999985,-4.337349158
2020-07-20,26.16504288,-3.068392233,11.47000027,-3.694370999
2020-07-21,26.37460327,0.80091745,11.47000027,0
2020-07-22,26.19498062,-0.681043989,11.35999966,-0.959028839
2020-07-23,26.72386932,2.019045977,11.77000046,3.60916209
2020-07-24,25.90558624,-3.061993273,11.39000034,-3.228548001
2020-07-27,25.44655228,-1.771949732,11.39000034,0
2020-07-28,25.88562965,1.725488673,11.77000046,3.336260781
2020-07-29,25.66609001,-0.848113974,11.39999962,-3.143592395
2020-07-30,24.88772583,-3.032655855,11.18000031,-1.929818603
2020-07-31,24.91766167,0.120283537,11.11999989,-0.536676368
2020-08-03,25.14718246,0.92111692,11.07999992,-0.359711891
2020-08-04,25.61619568,1.865072617,11.47000027,3.519858718
2020-08-05,26.41451836,3.11647634,12.56000042,9.503052548
2020-08-06,27.02324104,2.304500421,13.03999996,3.821652279
2020-08-07,27.12303162,0.369276849,13.02999973,-0.076688872
2020-08-10,29.27850342,7.947016514,14,7.444361373
2020-08-11,29.57787323,1.022490145,13.72999954,-1.928574698
2020-08-12,29.02902794,-1.85559417,13.53999996,-1.383828017
2020-08-13,28.63984489,-1.340668538,13.30000019,-1.772524164
2020-08-14,28.88932228,0.871084978,13.32999992,0.225561899
2020-08-17,27.96127129,-3.21243602,12.61999989,-5.3263319
2020-08-18,27.57208633,-1.391871449,12.60000038,-0.158474677
2020-08-19,27.61200333,0.144773202,12.68000031,0.63492001
2020-08-20,27.56210899,-0.180697982,12.5,-1.419560732
2020-08-21,27.21284294,-1.267196398,12.15999985,-2.720001221
2020-08-24,29.73753929,9.277591303,13.43999958,10.52631373
2020-08-25,30.03691101,1.006713153,13.14000034,-2.23213725
2020-08-26,29.8872261,-0.49833655,12.78999996,-2.66362536
2020-08-27,30.75540161,2.904838019,13.27999973,3.831116283
2020-08-28,31.92294884,3.796234693,13.59000015,2.334340556
2020-08-31,30.78533936,-3.563610265,13.05000019,-3.973509608
2020-09-01,30.64563179,-0.453812003,13.10000038,0.383143218
2020-09-02,31.07472992,1.400193451,13.22999954,0.992359977
2020-09-03,31.154562,0.256903527,13.35999966,0.982616167
2020-09-04,31.7034111,1.761697391,13.60999966,1.871257533
2020-09-08,32.47179794,2.423672451,13.63000011,0.146954139
2020-09-09,31.69343185,-2.397052637,13.05000019,-4.255318553
2020-09-10,31.7233696,0.094460405,13.01000023,-0.306513113
2020-09-11,31.63355827,-0.283107773,12.94999981,-0.461186922
2020-09-14,32.75120926,3.53311814,13.26000023,2.393825669
2020-09-15,33.43976212,2.102373842,13.14000034,-0.904976497
2020-09-16,34.49753952,3.163232445,13.80000019,5.022829758
2020-09-17,33.88882065,-1.764528371,13.63000011,-1.231884594
2020-09-18,32.77116776,-3.297998785,13.18999958,-3.228177039
2020-09-21,29.75749779,-9.196101861,12.21000004,-7.42986788
2020-09-22,30.15665817,1.341377518,12.34000015,1.064701999
2020-09-23,29.49804115,-2.183985427,11.93000031,-3.322527085
2020-09-24,28.94919586,-1.86061606,11.77000046,-1.341155434
2020-09-25,29.7175827,2.654259705,12.28999996,4.418007509
2020-09-28,31.27431107,5.238408449,12.76000023,3.82424954
2020-09-29,30.54584122,-2.329291434,12.25,-3.996866926
2020-09-30,30.51590347,-0.098009231,12.28999996,0.326530301
2020-10-01,31.03481483,1.700462063,12.57999992,2.359641682
2020-10-02,31.68345261,2.090032678,13,3.338633377
2020-10-05,31.93292809,0.787399916,13.11999989,0.923076043
2020-10-06,30.99489784,-2.937501504,12.52999973,-4.496952422
2020-10-07,32.0826149,3.509342285,13.06999969,4.309656611
2020-10-08,32.6115036,1.648521182,13.15999985,0.688601031
2020-10-09,32.74123001,0.397793403,13.19999981,0.303951081
2020-10-12,32.57158661,-0.51813387,12.92000008,-2.121210129
2020-10-13,31.7034111,-2.665438184,12.22000027,-5.417955148
2020-10-14,31.69343185,-0.031476891,12.35999966,1.145657828
2020-10-15,31.27431107,-1.3224216,12.22999954,-1.05178089
2020-10-16,31.40403748,0.414801815,12.46000004,1.880625548
2020-10-19,31.43397522,0.095330876,12.56000042,0.802571277
2020-10-20,31.91296959,1.523810992,12.80000019,1.910826139
2020-10-21,31.43397522,-1.50093951,12.75,-0.390626484
2020-10-22,33.64932251,7.047620527,13.14999962,3.13725191
2020-10-23,33.92873764,0.830373719,12.60000038,-4.182503825
2020-10-26,31.86307526,-6.088238254,11.80000019,-6.349207671
2020-10-27,30.64563179,-3.820859903,11.22999954,-4.830513892
2020-10-28,29.58785248,-3.45164792,10.94999981,-2.493319184
2020-10-29,30.69552803,3.743683504,11.15999985,1.917808601
2020-10-30,30.57577896,-0.390118942,11.27999973,1.075267806
2020-11-02,30.15665817,-1.370760788,11.18999958,-0.797873712
2020-11-03,30.83523369,2.250168145,11.25,0.5361968
2020-11-04,30.36621857,-1.521036377,11.01000023,-2.133331299
2020-11-05,31.91296959,5.093657015,11.60000038,5.358766034
2020-11-06,31.35414314,-1.751095099,11.46000004,-1.206899472
2020-11-09,36.69293213,17.02737964,13.19999981,15.18324403
2020-11-10,36.9623642,0.734288737,12.38000011,-6.21211899
2020-11-11,34.94659805,-5.453563882,12.03999996,-2.746366312
2020-11-12,34.30794144,-1.827521567,11.73999977,-2.491695944
2020-11-13,36.38357925,6.050021454,12.23999977,4.258943865
2020-11-16,37.92035294,4.223811162,12.78999996,4.493465695
2020-11-17,37.52119064,-1.052633379,12.69999981,-0.703675941
2020-11-18,37.8305397,0.824464935,12.73999977,0.314960334
2020-11-19,37.8305397,0,12.78999996,0.392466182
2020-11-20,37.05217743,-2.057497145,12.52999973,-2.03283995
2020-11-23,38.70869827,4.470778665,13.56000042,8.220277004
2020-11-24,41.17351913,6.367614959,14.81999969,9.292029766
2020-11-25,41.20345688,0.072711162,14.93999958,0.809715844
2020-11-27,40.97393799,-0.557037947,14.97999954,0.267737369
2020-11-30,40.16563797,-1.972717435,14.13000011,-5.674228663
2020-12-01,39.87624359,-0.720502383,14.27000046,0.990802139
2020-12-02,40.98391724,2.777778309,14.85999966,4.134542256
2020-12-03,42.85997772,4.577552885,16.09000015,8.277257903
2020-12-04,42.27121353,-1.373692246,16.39999962,1.926659186
2020-12-07,42.26123428,-0.023607669,17.20999908,4.939021249
2020-12-08,42.32110977,0.141679459,17.62999916,2.440442177
2020-12-09,42.02173996,-0.707377036,17.15999985,-2.665906612
2020-12-10,42.53066635,1.211102615,17.98999977,4.836829435
2020-12-11,41.65251541,-2.064747664,17.04999924,-5.225128105
2020-12-14,40.60471344,-2.515579098,16.70000076,-2.052777066
2020-12-15,41.76227951,2.850816993,17.01000023,1.856284142
2020-12-16,40.99389648,-1.839897235,16.86000061,-0.881831961
2020-12-17,41.02383423,0.07302976,16.79999924,-0.355880018
2020-12-18,40.59473419,-1.045977405,16.51000023,-1.726184651
2020-12-21,40.05586624,-1.327433129,16.10000038,-2.48334247
2020-12-22,38.85837936,-2.989541832,15.47999954,-3.850936798
2020-12-23,40.15565872,3.338480346,15.89000034,2.648584065
2020-12-24,39.6467247,-1.267402994,15.65999985,-1.447454317
2020-12-28,40.06584549,1.057138494,16.05999947,2.554276005
2020-12-29,39.94609451,-0.298885435,15.85999966,-1.245328866
2020-12-30,40.47498703,1.324015585,16.14999962,1.828499169
2020-12-31,40.12571716,-0.862927681,15.77000046,-2.352936036
2021-01-04,38.64882278,-3.680667869,15.13000011,-4.058340677
2021-01-05,39.46710205,2.117216534,15.43000031,1.982816844
2021-01-06,40.29536438,2.098614507,15.52000046,0.583280303
2021-01-07,40.14567947,-0.371469295,15.38000011,-0.902064041
2021-01-08,39.93611908,-0.521999869,15.13000011,-1.625487634
2021-01-11,39.32739639,-1.524240965,15,-0.859220842
2021-01-12,40.2155304,2.258308671,15.38000011,2.533334096
2021-01-13,40.36521912,0.372216204,15.52999973,0.9752901
2021-01-14,41.38307953,2.521627369,16.44000053,5.859631788
2021-01-15,39.89620209,-3.592959872,15.76000023,-4.136254763
2021-01-19,40.22551346,0.82542035,15.97000027,1.332487532
2021-01-20,41.53276443,3.249805569,16.17000008,1.252346938
2021-01-21,40.58475494,-2.282558129,15.82999992,-2.102660179
2021-01-22,39.91616058,-1.647402729,15.81999969,-0.06317264
2021-01-25,38.81846619,-2.749999952,15.43000031,-2.465230071
2021-01-26,39.23758698,1.079694356,15.52999973,0.648084419
2021-01-27,38.43926239,-2.034591438,16.55999947,6.632322928
2021-01-28,39.99599457,4.049849245,18.10000038,9.299522737
2021-01-29,37.88043594,-5.289426222,17.17000008,-5.138123125
2021-02-01,37.74073029,-0.368806891,16.84000015,-1.921956449
2021-02-02,38.71867371,2.591214884,16.59000015,-1.484560557
2021-02-03,39.69662094,2.52577669,17.60000038,6.088006146
2021-02-04,40.84421158,2.890902576,17.39999962,-1.136367947
2021-02-05,41.06375122,0.537504909,17.19000053,-1.206891317
2021-02-08,43.1493721,5.078982845,17.77000046,3.374054134
2021-02-09,42.42089844,-1.688260171,17.44000053,-1.857061988
2021-02-10,42.81008148,0.917432348,17.40999985,-0.172022281
2021-02-11,42.63045883,-0.419580258,16.98999977,-2.412407122
2021-02-12,43.19926453,1.334270637,17.27000046,1.648032316
2021-02-16,44.55641556,3.141606799,17.81999969,3.184708874
2021-02-17,44.29695892,-0.582310384,17.98999977,0.953984732
2021-02-18,44.28697968,-0.022528066,17.70999908,-1.55642407
2021-02-19,45.57427216,2.906706418,18.68000031,5.47713874
2021-02-22,47.63993835,4.532527018,20.44000053,9.421842613
2021-02-23,48.23867798,1.256801845,20.65999985,1.076317552
2021-02-24,49.49603653,2.60653609,21.81999969,5.614713727
2021-02-25,48.14886856,-2.721769384,20.86000061,-4.39962923
2021-02-26,47.83951569,-0.642492511,20.94000053,0.383508731
2021-03-01,47.95926666,0.250318121,21.18000031,1.146130683
2021-03-02,48.12891006,0.353723928,21.44000053,1.227574245
2021-03-03,48.24865723,0.248805056,22.17000008,3.404848526
2021-03-04,46.86157227,-2.87486749,21.23999977,-4.194859278
2021-03-05,46.11314392,-1.597104639,20.45000076,-3.719392734
2021-03-08,47.77964401,3.613937264,21.46999931,4.987767787
2021-03-09,47.52018738,-0.543027559,21.60000038,0.605501035
2021-03-10,47.69981003,0.377992302,21.75,0.694442666
2021-03-11,48.21871948,1.087864824,22.14999962,1.839078706
2021-03-12,49.72555923,3.125009889,23.37000084,5.507906283
2021-03-15,50.88312531,2.327909607,25.17000008,7.702178744
2021-03-16,49.28647995,-3.137868096,24.46999931,-2.78109162
2021-03-17,50.33427811,2.125934248,25.15999985,2.819781583
2021-03-18,49.07691956,-2.498016458,24.70000076,-1.828295259
2021-03-19,48.89729691,-0.366002291,24.96999931,1.093111506
2021-03-22,47.86945724,-2.102037793,23.82999992,-4.565476255
2021-03-23,45.54433823,-4.857207816,22.27000046,-6.546367902
2021-03-24,45.51440048,-0.065733185,21.80999947,-2.065563459
2021-03-26,47.56010437,4.494629977,22.93000031,0.702678279
2021-03-29,47.22081757,-0.713385323,22.90999985,-0.087223975
2021-03-30,48.79750824,3.338973688,24.12000084,5.281540811
2021-03-31,48.17880249,-1.267904391,23.89999962,-0.912111165
2021-04-01,48.7276535,1.139196046,23.86000061,-0.16735987
2021-04-05,50.14467621,2.90804626,24.22999954,1.550707973
2021-04-06,51.54174423,2.786074474,24.05999947,-0.701609903
2021-04-07,50.09477997,-2.807363789,23.93000031,-0.540312401
2021-04-08,49.70560074,-0.776885795,23.64999962,-1.170082253
2021-04-09,49.16672897,-1.084126853,23.54000092,-0.465110802
2021-04-12,48.71767426,-0.913330472,22.90999985,-2.6763001
2021-04-13,48.15884399,-1.147079104,22.55999947,-1.527718829
2021-04-14,48.06903458,-0.186485825,22.37000084,-0.842192514
2021-04-15,46.72186661,-2.802569223,22.12999916,-1.072872908
2021-04-16,46.54224396,-0.384450929,22.03000069,-0.451868404
2021-04-19,46.05327225,-1.050597626,21.54999924,-2.178853539
2021-04-20,44.35683441,-3.683642341,20.37000084,-5.47563081
2021-04-21,45.60421371,2.812146808,21.01000023,3.141872181
2021-04-22,44.55641556,-2.297590664,20.06999969,-4.474062465
2021-04-23,45.70400238,2.575581559,21.11000061,5.181868118
2021-04-26,46.51230621,1.768562469,22.04000092,4.405496344
2021-04-27,46.24287033,-0.5792787,21.76000023,-1.270420486
2021-04-28,46.342659,0.215792543,21.70000076,-0.275732837
2021-04-29,46.28278732,-0.129193436,21.29999924,-1.843324939
2021-04-30,46.82165527,1.164294507,21.71999931,1.971831415
2021-05-03,46.47238922,-0.745949818,21.95000076,1.058938567
2021-05-04,44.56639099,-4.101356229,21.42000008,-2.414581632
2021-05-05,45.10526276,1.209143826,21.56999969,0.700278329
2021-05-06,44.83582687,-0.597349103,21.48999977,-0.370885141
2021-05-07,46.01335526,2.626311286,22,2.373197926
2021-05-10,45.33477783,-1.474740147,22,0
2021-05-11,44.42668533,-2.003081392,21.56999969,-1.954546842
2021-05-12,42.93980789,-3.346811562,20.76000023,-3.755213154
2021-05-13,43.87784195,2.184532497,21.20999908,2.167624521
2021-05-14,46.2129364,5.321807883,22.39999962,5.610563816
2021-05-17,46.65201187,0.950113765,23.35000038,4.241074907
2021-05-18,46.63205338,-0.042781641,23.55999947,0.899353666
2021-05-19,46.04328918,-1.262574019,22.96999931,-2.504245187
2021-05-20,45.31481934,-1.582141201,22.60000038,-1.610792089
2021-05-21,45.11523819,-0.4404324,22.56999969,-0.132746399
2021-05-24,46.07322693,2.123426092,22.98999977,1.860877634
2021-05-25,46.57217789,1.082952056,23.20999908,0.956934822
2021-05-26,47.39046097,1.757021291,23.89999962,2.972858946
2021-05-27,47.94928741,1.179196056,24.43000031,2.21757613
2021-05-28,47.58006287,-0.770031357,24.23999977,-0.777734473
2021-06-01,47.60002136,0.041947183,24.67000008,1.773928668
2021-06-02,47.6698761,0.146753582,25.81999969,4.661530665
2021-06-03,46.03331375,-3.433116428,24.93000031,-3.446938033
2021-06-04,45.88362503,-0.325174767,24.29999924,-2.527080066
2021-06-07,45.98341751,0.217490402,24.25,-0.205758184
2021-06-08,46.94140625,2.083335234,24.21999931,-0.123714172
2021-06-09,46.42249298,-1.105448921,23.85000038,-1.527658722
2021-06-10,46.18299484,-0.515909687,23.45999908,-1.635225538
2021-06-11,46.40253448,0.475369003,23.53000069,0.298387063
2021-06-14,45.80379486,-1.29031664,22.98999977,-2.29494645
2021-06-15,45.4345665,-0.806108673,22.79000092,-0.869938484
2021-06-16,45.42459106,-0.021955604,22.82999992,0.175511218
2021-06-17,44.47658157,-2.086996203,22.22999954,-2.628122573
2021-06-18,44.86576462,0.875029129,22.29000092,0.269911716
2021-06-21,45.67406845,1.801604943,22.45000076,0.717809963
2021-06-22,45.27490234,-0.873944715,22.11000061,-1.514477243
2021-06-23,45.17511368,-0.220406142,22.20000076,0.40705631
2021-06-24,44.81586838,-0.795228326,22.35000038,0.675673934
2021-06-25,44.33687592,-1.068801029,22.21999931,-0.58166025
2021-06-28,43.02962112,-2.948459413,21.38999939,-3.735373309
2021-06-29,42.78014374,-0.579780579,21.07999992,-1.449272907
2021-06-30,43.16932678,0.90972823,21.20999908,0.616694313
2021-07-01,44.13729477,2.242258704,21.51000023,1.414432614
2021-07-02,44.0574646,-0.180867835,21.47999954,-0.139473205
2021-07-06,43.1493721,-2.061154692,21.01000023,-2.188078787
2021-07-07,42.45083618,-1.618878526,20.30999947,-3.331750382
2021-07-08,41.98182297,-1.104838576,20.35000038,0.19695183
2021-07-09,42.83003616,2.020429643,20.88999939,2.65355773
2021-07-12,42.76018524,-0.163088636,20.84000015,-0.239345326
2021-07-13,41.24337387,-3.547251637,20.02000046,-3.93473939
2021-07-14,40.59473419,-1.572712458,20.62000084,2.997004834
2021-07-15,41.26332855,1.646997754,20.45999908,-0.775954162
2021-07-16,39.97603607,-3.119701017,19.79000092,-3.274673504
2021-07-19,38.47917938,-3.744384978,18.96999931,-4.143514726
2021-07-20,40.5747757,5.446052507,20.55999947,8.381656353
2021-07-21,41.52278519,2.336450355,21.39999962,4.085603961
2021-07-22,40.97393799,-1.321797649,21.15999985,-1.121494278
2021-07-23,40.32530212,-1.58304497,21.20000076,0.189040245
2021-07-26,41.58265686,3.118029302,22.07999992,4.150939288
2021-07-27,40.87414551,-1.703862634,21.45999908,-2.807974825
2021-07-28,41.21343613,0.830086145,21.62999916,0.792171871
2021-07-29,41.14358139,-0.169495055,21.17000008,-2.126671763
2021-07-30,39.81637192,-3.225799573,20.37999916,-3.731700107
2021-08-02,39.36731339,-1.127823835,20.05999947,-1.570165397
2021-08-03,39.68664169,0.811150878,19.95000076,-0.548348484
2021-08-04,38.26961517,-3.570537741,19.45000076,-2.506265568
2021-08-05,39.90618134,4.276411338,20.90999985,7.506421734
2021-08-06,40.23548889,0.82520438,21.02000046,0.526067007
2021-08-09,39.20764923,-2.55455989,20.55999947,-2.188396678
2021-08-10,40.37519455,2.977850857,20.94000053,1.84825427
2021-08-11,41.21343613,2.076130125,21.22999954,1.384904493
2021-08-12,40.44504929,-1.864408584,20.43000031,-3.76824896
2021-08-13,39.81637192,-1.554398818,19.84000015,-2.88791064
2021-08-16,39.84630585,0.075179952,19.76000023,-0.403225419
2021-08-17,38.69871521,-2.880042736,19.34000015,-2.125506434
2021-08-18,38.56899261,-0.335211633,19.13999939,-1.0341301
2021-08-19,37.8504982,-1.862880948,18.72999954,-2.142110034
2021-08-20,38.0401001,0.500923124,18.5,-1.227974094
2021-08-23,39.12781525,2.859390869,19.11000061,3.297300596
2021-08-24,40.44504929,3.366490132,19.82999992,3.767657197
2021-08-25,41.21343613,1.899829162,20.14999962,1.613715058
2021-08-26,40.68454742,-1.283291936,19.89999962,-1.240694813
2021-08-27,41.43297577,1.839588719,20.21999931,1.608038698
2021-08-30,39.82634735,-3.877656355,19.51000023,-3.511370468
2021-08-31,40.35523605,1.327986967,19.94000053,2.203999488
2021-09-01,40.31532288,-0.098904582,19.63999939,-1.50451924
2021-09-02,40.73443985,1.039597215,19.76000023,0.611002255
2021-09-03,40.16563797,-1.396366028,19.37000084,-1.973681099
2021-09-07,40.26542664,0.248442875,19.53000069,0.826018794
2021-09-08,39.56689453,-1.734818585,19.12999916,-2.048138821
2021-09-09,41.00387573,3.63177656,20.20000076,5.593317559
2021-09-10,39.27750397,-4.210264845,18.95000076,-6.188118578
2021-09-13,40.09578323,2.083328073,19.30999947,1.899729227
2021-09-14,39.35733414,-1.841712612,19.20999908,-0.51786838
2021-09-15,39.55691528,0.507100266,19.37999916,0.884956192
2021-09-16,40.13570023,1.463170064,19.88999939,2.631580242
2021-09-17,40.0259285,-0.273501466,19.72999954,-0.804423591
2021-09-20,40.69452286,1.670403125,20.32999992,3.041056236
2021-09-21,40.27540588,-1.029910033,19.76000023,-2.803736827
2021-09-22,41.50282669,3.047569056,20.52000046,3.84615496
2021-09-23,42.50073242,2.40442835,20.89999962,1.851847721
2021-09-24,43.43875885,2.207082972,21.38999939,2.344496555
2021-09-27,43.68823624,0.574319785,21.46999931,0.374006199
2021-09-28,43.34894943,-0.776609068,21.43000031,-0.186301861
2021-09-29,43.26911926,-0.184157104,21.01000023,-1.95986967
2021-09-30,42.52069092,-1.729705521,20.52000046,-2.332221636
2021-10-01,45.28488541,6.500822138,21.64999962,5.506818399
2021-10-04,44.86576462,-0.925520259,21.38999939,-1.200924866
2021-10-05,44.64622498,-0.489325534,21.46999931,0.374006199
2021-10-06,43.92773438,-1.609297541,20.54000092,-4.3316182
2021-10-07,43.58844757,-0.772374922,20.17000008,-1.801367199
2021-10-08,43.28907776,-0.686809989,20.06999969,-0.49578771
2021-10-11,43.09947205,-0.437998966,20.12999916,0.298951006
2021-10-12,43.44874191,0.810380848,20.29000092,0.794842332
2021-10-13,40.94400024,-5.764819782,19.61000061,-3.351405986
2021-10-14,41.11364746,0.414339624,19.63999939,0.152976942
2021-10-15,40.90408707,-0.509710053,19.97999954,1.731161727
2021-10-18,40.92404175,0.048784077,19.84000015,-0.700697662
2021-10-19,40.36521912,-1.365511831,19.53000069,-1.562497296
2021-10-20,40.2155304,-0.370835893,19.52000046,-0.051204447
2021-10-21,40.31532288,0.248144136,19.88999939,1.895486287
2021-10-22,39.65670776,-1.633659525,19.14999962,-3.720461507
2021-10-25,39.42718506,-0.578773978,19.22999954,0.417754179
2021-10-26,39.6267662,0.506201865,19.38999939,0.832032508
2021-10-27,38.98810959,-1.611679875,19.03000069,-1.856620497
2021-10-28,39.06794357,0.204764953,19.19000053,0.840776887
2021-10-29,39.04798508,-0.051086631,19.20000076,0.052111665
2021-11-01,40.33527756,3.296693742,19.77000046,2.968748293
2021-11-02,40.30534363,-0.074212777,19.82999992,0.303487428
2021-11-03,41.15356445,2.104487269,20.62999916,4.034287646
2021-11-04,40.90408707,-0.606210883,20.62999916,0
2021-11-05,44.19717026,8.050743647,21.81999969,5.768301418
2021-11-08,44.55641556,0.812824211,22.25,1.970670537
2021-11-09,44.43666458,-0.26876259,22.26000023,0.044944849
2021-11-10,43.6183815,-1.841459274,21.56999969,-3.099732826
2021-11-11,43.35892868,-0.5948245,21.32999992,-1.112655422
2021-11-12,42.13150787,-2.830837487,20.29000092,-4.875757205
2021-11-15,42.29117203,0.378966152,20.31999969,0.147850064
2021-11-16,40.95397949,-3.161871547,19.84000015,-2.362202507
2021-11-17,40.62467194,-0.804091715,19.86000061,0.100808758
2021-11-18,40.03590775,-1.449277404,19.38999939,-2.366572036
2021-11-19,39.60680771,-1.071787954,19.28000069,-0.567296062
2021-11-22,39.68664169,0.201566319,19.62999916,1.815344718
2021-11-23,39.44714355,-0.603472927,19.46999931,-0.815078218
2021-11-24,39.60680771,0.404754666,19.45999908,-0.051362246
2021-11-26,36.30374908,-8.339623452,17.75,-8.787251618
2021-11-29,36.16404343,-0.384824327,17.73999977,-0.056339318
2021-11-30,36.12412643,-0.11037757,17.69000053,-0.281844632
2021-12-01,33.45972061,-7.375696206,16.28000069,-7.970603758
2021-12-02,36.5632019,9.275275573,17.42000008,7.002452958
2021-12-03,35.90458679,-1.801305898,16.62000084,-4.592418103
2021-12-06,38.06005859,6.003332706,17.93000031,7.882066184
2021-12-07,37.96026993,-0.262187368,17.88999939,-0.223094896
2021-12-08,38.79850769,2.208197581,18.22999954,1.900503992
2021-12-09,38.41930389,-0.977366963,18.13999939,-0.493692566
2021-12-10,38.09997559,-0.831166304,18.01000023,-0.716643689
2021-12-13,36.79272079,-3.431117136,17.12000084,-4.941695604
2021-12-14,36.45343018,-0.922167786,16.90999985,-1.226641247
2021-12-15,36.53326797,0.219013132,16.98999977,0.473092398
2021-12-16,35.72496414,-2.21251445,16.52000046,-2.766329133
2021-12-17,36.48337173,2.122906519,16.95000076,2.602907344
2021-12-20,36.29376602,-0.519704468,17.29999924,2.06488766
2021-12-21,38.43926239,5.911473522,18.12000084,4.739893863
2021-12-22,39.04798508,1.583596169,18.26000023,0.772623527
2021-12-23,39.21762466,0.434438773,18.26000023,0
2021-12-27,38.91825485,-0.763355289,18.17000008,-0.492881443
2021-12-28,39.54693604,1.615388936,18.54000092,2.036328221
2021-12-29,39.07791901,-1.185975643,18.04999924,-2.642943119
2021-12-30,38.95817184,-0.306431778,18.06999969,0.110805865
2021-12-31,38.99808884,0.102461153,17.95999908,-0.608747162
2022-01-03,40.20555496,3.096218716,18.75,4.398669019
2022-01-04,40.50492477,0.744598134,19.02000046,1.440002441
2022-01-05,40.1955719,-0.763741388,18.68000031,-1.787592768
2022-01-06,40.0259285,-0.422045002,18.56999969,-0.588868354
2022-01-07,41.42299271,3.490398003,19.28000069,3.823376432
2022-01-10,40.54484177,-2.119960154,18.79000092,-2.541492498
2022-01-11,41.14358139,1.476734396,19.02000046,1.224052853
2022-01-12,40.52488327,-1.503753682,18.5,-2.733966589
2022-01-13,41.38307953,2.117701988,19.34000015,4.540541365
2022-01-14,40.22551346,-2.797196544,18.48999977,-4.395038132
2022-01-18,39.45712662,-1.91019772,17.89999962,-3.190914872
2022-01-19,38.7386322,-1.820949666,17.30999947,-3.296090308
2022-01-20,38.7585907,0.051520911,16.76000023,-3.177349821
2022-01-21,37.78064728,-2.523165582,16.29999924,-2.744635952
2022-01-24,37.8305397,0.132058154,16.40999985,0.674850402
2022-01-25,38.63884354,2.136643673,16.45999908,0.304687614
2022-01-26,38.67875671,0.103298064,16.23999977,-1.336569414
2022-01-27,38.25963974,-1.0835844,15.77999973,-2.83251259
2022-01-28,38.19976425,-0.156497784,15.64000034,-0.887195133
2022-01-31,39.60680771,3.683382567,16.46999931,5.306898669
2022-02-01,40.40513611,2.015634296,16.82999992,2.185796147
2022-02-02,40.43507004,0.074084466,16.95999908,0.772425201
2022-02-03,39.6467247,-1.949657404,16.56999969,-2.299524827
2022-02-04,39.76647186,0.302035446,16.45000076,-0.724193929
2022-02-07,40.85418701,2.735256858,17.28000069,5.045592007
2022-02-08,42.52069092,4.079150824,18.26000023,5.671293422
2022-02-09,43.78802872,2.98052024,18.76000023,2.738225595
2022-02-10,43.80798721,0.0455798,18.70999908,-0.266530617
2022-02-11,42.2412796,-3.576305854,17.61000061,-5.879201111
2022-02-14,41.88203049,-0.8504693,17.43000031,-1.022148205
2022-02-15,44.3967514,6.004295607,18.84000015,8.089499844
2022-02-16,44.31691742,-0.179819428,18.81999969,-0.106159541
2022-02-17,43.21922302,-2.476919562,18.21999931,-3.188099847
2022-02-18,42.75020599,-1.085204675,17.87000084,-1.920957669
2022-02-22,41.8021965,-2.217555375,17.43000031,-2.462230069
2022-02-23,40.10575867,-4.058250469,16.63999939,-4.532420549
2022-02-24,40.24547195,0.34836216,16.95999908,1.92307516
2022-02-25,41.45293427,3.000243884,17.45999908,2.948113367
2022-02-28,39.8363266,-3.899863049,17.25,-1.20274396
2022-03-01,37.56110764,-5.711417588,16.29000092,-5.565212084
2022-03-02,37.96026993,1.062701069,16.37000084,0.491098338
2022-03-03,36.48337173,-3.890641969,15.71000004,-4.031770111
2022-03-04,34.44764709,-5.579869796,14.59000015,-7.129216313
2022-03-07,30.04689026,-12.77520297,12.84000015,-11.99451667
2022-03-08,31.154562,3.68647713,13.51000023,5.218069068
2022-03-09,32.69133377,4.932734328,14.30000019,5.847519974
2022-03-10,32.48177338,-0.641027361,14.19999981,-0.699303358
2022-03-11,32.00278091,-1.474649972,14.02000046,-1.267601084
2022-03-14,32.00278091,0,14.25,1.640510233
2022-03-15,34.7869339,8.69972204,15.56999969,9.263155753
2022-03-16,36.85259628,5.938040961,16.46999931,5.780344484
2022-03-17,37.07213593,0.595723679,16.54999924,0.48573119
2022-03-18,37.60102463,1.426647505,16.75,1.20846388
2022-03-21,36.01435471,-4.219751822,16.09000015,-3.940297596
2022-03-22,36.90248871,2.466055577,16.55999947,2.921064692
2022-03-23,36.14408493,-2.055156182,16.20999908,-2.113528942
2022-03-24,37.18190002,2.871327621,16.71999931,3.146207635
2022-03-25,37.8305397,1.744503854,17.01000023,1.734455308
2022-03-28,38.25963974,1.134268874,17.29999924,1.704873629
2022-03-29,39.43716812,3.077729925,18.15999985,4.971102013
2022-03-30,39.24756622,-0.480769556,18.04999924,-0.605730238
2022-03-31,39.48706055,0.610214459,18.25,1.108037515
2022-04-01,39.22760773,-0.657057822,18.23999977,-0.054795775
2022-04-04,39.31742096,0.228954141,18.22999954,-0.054825817
2022-04-05,38.9481926,-0.93909609,17.84000015,-2.139327479
2022-04-06,37.5112114,-3.689468254,17.37999916,-2.578480874
2022-04-07,37.05217743,-1.223724719,16.95000076,-2.474099071
2022-04-08,36.66299438,-1.050364841,16.59000015,-2.123897311
2022-04-11,38.12990952,4.00107835,16.96999931,2.290531388
2022-04-12,38.53905106,1.073019962,17.12999916,0.942839445
2022-04-13,40.934021,6.214397798,18.95000076,10.62464502
2022-04-14,42.27121353,3.266702129,19,0.263848206
2022-04-18,42.04169846,-0.542958331,18.54000092,-2.421047813
2022-04-19,42.94979095,2.159980524,19.59000015,5.663426026
2022-04-20,43.44874191,1.161707536,19.47999954,-0.561514086
2022-04-21,44.63624573,2.733114384,20.21999931,3.798766881
2022-04-22,43.598423,-2.325067233,20.18000031,-0.197819038
2022-04-25,43.17930603,-0.961312233,19.97999954,-0.991084043
2022-04-26,41.81217957,-3.166161272,18.77000046,-6.056051613
2022-04-27,43.01964188,2.887824369,18.96999931,1.065523978
2022-04-28,44.23708725,2.829975612,19.43000031,2.424886708
2022-04-29,42.93980789,-2.932560525,18.77000046,-3.396808219
2022-05-02,42.58056259,-0.836625309,18.55999947,-1.118811863
2022-05-03,43.2591362,1.593622928,19.12999916,3.071119134
2022-05-04,43.75808716,1.153400188,19.62000084,2.561430737
2022-05-05,42.04169846,-3.922449115,18.54000092,-5.504586532
2022-05-06,40.9140625,-2.682184586,17.84000015,-3.775624209
2022-05-09,38.16982651,-6.707317301,16.31999969,-8.520181865
2022-05-10,38.59892654,1.1241865,16.56999969,1.531862774
2022-05-11,37.81058121,-2.042402231,15.97000027,-3.620998424
2022-05-12,36.59313965,-3.219843546,15.48999977,-3.005638622
2022-05-13,38.24966049,4.526861754,16.57999992,7.036799023
2022-05-16,38.08999252,-0.417436303,16.54999924,-0.180945035
2022-05-17,40.63465118,6.680648885,17.81999969,7.673719132
2022-05-18,39.22760773,-3.462668969,16.88999939,-5.218857021
2022-05-19,39.15775299,-0.178075443,16.75,-0.828889252
2022-05-20,38.55900955,-1.529054639,16.26000023,-2.925371768
2022-05-23,39.43716812,2.27744068,16.75,3.013528685
2022-05-24,37.14198685,-5.819843015,15.5,-7.462686567
2022-05-25,38.51909256,3.707679179,16.12999916,4.064510715
2022-05-26,40.74442291,5.777213857,17.23999977,6.881591247
2022-05-27,42.14148712,3.428847703,18.12999916,5.162409521
2022-05-31,41.60261536,-1.278720335,17.87000084,-1.434077957
2022-06-01,39.45712662,-5.157100631,17.29000092,-3.245662543
2022-06-02,39.90618134,1.138082665,17.45999908,0.983216657
2022-06-03,38.45922089,-3.625905563,16.21999931,-7.10194637
2022-06-06,38.91825485,1.193560232,16.29999924,0.4932178
2022-06-07,39.65670776,1.897446106,16.69000053,2.392646106
2022-06-08,38.13989258,-3.824864118,16.14999962,-3.235475723
2022-06-09,36.67297363,-3.846153846,15.47000027,-4.2105224
2022-06-10,35.04638672,-4.435383207,14.71000004,-4.912735719
2022-06-13,32.14248657,-8.285876001,13.31999969,-9.44935649
2022-06-14,31.31422615,-2.576839909,12.94999981,-2.777776982
2022-06-15,31.89301109,1.848313095,13.31000042,2.779927534
2022-06-16,29.51799965,-7.446808447,12.15999985,-8.640124237
2022-06-17,30.19657516,2.298853323,12.93999958,6.414471569
2022-06-21,29.98701477,-0.693987292,13.03999996,0.7728005
2022-06-22,29.93712044,-0.166386462,13.10000038,0.460125919
2022-06-23,29.49804115,-1.466671738,12.97999954,-0.916036914
2022-06-24,31.13460541,5.548043839,13.89999962,7.087828265
2022-06-27,30.37619781,-2.435899164,13.56000042,-2.446037469
2022-06-28,30.26642799,-0.361367877,13.5,-0.442480957
2022-06-29,29.57787323,-2.274978613,13.02999973,-3.481483459
2022-06-30,28.90927887,-2.260454479,12.68000031,-2.686104643
2022-07-01,29.45812607,1.898515701,13.13000011,3.548894309
2022-07-05,29.75749779,1.016261926,13.88000011,5.712109623
2022-07-06,29.46810532,-0.972502706,13.89000034,0.072047758
2022-07-07,29.84730911,1.286827885,14.10000038,1.511879287
2022-07-08,29.65770721,-0.635239503,13.97000027,-0.921986602
2022-07-11,29.22860909,-1.446835139,13.43000031,-3.865425566
2022-07-12,31.02483559,6.145439546,14.77000046,9.97766286
2022-07-13,29.63774872,-4.470891923,14.31000042,-3.114421286
2022-07-14,29.70760345,0.23569515,14.25,-0.419290132
2022-07-15,30.02693176,1.074904304,14.47000027,1.543861523
2022-07-18,31.07472992,3.489527885,14.53999996,0.483757384
2022-07-19,32.53166962,4.68850317,15.15999985,4.264098261
2022-07-20,32.78114319,0.76686372,15.21000004,0.329816565
2022-07-21,31.89301109,-2.709277374,14.07999992,-7.429323548
2022-07-22,31.28429031,-1.908633768,13.68000031,-2.840906397
2022-07-25,31.34416389,0.191385454,13.75,0.511693664
2022-07-26,30.57577896,-2.451444984,13.43000031,-2.327270508
2022-07-27,31.43397522,2.806784611,13.97000027,4.02084847
2022-07-28,31.63355827,0.63492782,13.76000023,-1.503221433
2022-07-29,31.73334694,0.315451916,13.71000004,-0.363373473
2022-08-01,32.16244507,1.352199407,14.27999973,4.157546997
2022-08-02,31.75330544,-1.272103636,14.06000042,-1.540611467
2022-08-03,33.1803093,4.494032482,14.63000011,4.054051763
2022-08-04,33.26014328,0.240606511,14.85999966,1.572108957
2022-08-05,32.87095642,-1.170129833,14.73999977,-0.807536261
2022-08-08,33.67926025,2.45902134,15.02000046,1.899597632
2022-08-09,33.1403923,-1.599999366,14.61999989,-2.663119574
2022-08-10,33.8588829,2.168020807,15.06999969,3.077974096
2022-08-11,33.88882065,0.088419173,14.98999977,-0.53085551
2022-08-12,34.4276886,1.590105351,15.25,1.734491213
2022-08-15,34.92663956,1.449272311,15.32999992,0.524589664
2022-08-16,35.26592636,0.971426992,15.5,1.108937229
2022-08-17,34.46760559,-2.263717,14.96000004,-3.483870722
2022-08-18,34.41770935,-0.144762711,14.84000015,-0.80213827
2022-08-19,33.1803093,-3.595242328,14.17000008,-4.514825266
2022-08-22,32.31213379,-2.616538318,13.71000004,-3.246295241
2022-08-23,32.80110168,1.513264022,13.81999969,0.802331556
2022-08-24,33.24018478,1.338623024,13.98999977,1.230101882
2022-08-25,33.91875839,2.0414255,14.42000008,3.073626249
2022-08-26,32.6115036,-3.85407619,13.73999977,-4.715674768
2022-08-29,31.96286392,-1.988990409,13.51000023,-1.673941383
2022-08-30,31.65351486,-0.967838992,13.32999992,-1.332348646
2022-08-31,31.00487709,-2.049180871,12.98999977,-2.550638819
2022-09-01,31.02483559,0.064372118,12.93000031,-0.461889661
2022-09-02,30.87515068,-0.482468007,12.98999977,0.464032982
2022-09-06,31.12462616,0.808013803,13.22000027,1.770596612
2022-09-07,32.16244507,3.334397989,13.89000034,5.068079143
2022-09-08,32.05267715,-0.341292192,13.96000004,0.503957474
2022-09-09,32.5915451,1.681194828,14.18999958,1.647561186
2022-09-12,33.08052063,1.500314033,14.47000027,1.973225475
2022-09-13,31.67347336,-4.253401231,13.68000031,-5.459571163
2022-09-14,32.5915451,2.898550899,14.02999973,2.558475292
2022-09-15,33.21024323,1.898339333,14.27000046,1.710625298
2022-09-16,32.04269791,-3.51561809,13.75,-3.6440115
2022-09-19,32.87095642,2.584858856,14.21000004,3.345454823
2022-09-20,32.68135452,-0.576806758,13.97000027,-1.688949827
2022-09-21,31.09468842,-4.854958218,13.22999954,-5.297070227
2022-09-22,29.89720345,-3.851091717,12.71000004,-3.930457461
2022-09-23,28.95917511,-3.137511966,12.21000004,-3.933910295
2022-09-26,27.96127129,-3.445898649,11.85999966,-2.866505982
2022-09-27,28.44026375,1.713056811,12.27000046,3.457005168
2022-09-28,29.42818832,3.47368289,12.75,3.911976563
2022-09-29,28.38039017,-3.560525525,12.25,-3.921568627
2022-09-30,28.00118637,-1.336147228,12.03999996,-1.714286026
2022-10-03,28.20076752,0.712759608,11.92000008,-0.996676794
2022-10-04,30.68554878,8.811041273,12.94999981,8.640937302
2022-10-05,30.45602989,-0.747970623,12.86999989,-0.617760038
2022-10-06,30.55582047,0.327654568,12.72999954,-1.087803765
2022-10-07,29.32839775,-4.016984966,12.18000031,-4.320496912
2022-10-10,29.35833549,0.102077667,12.05000019,-1.067324394
2022-10-11,28.77955246,-1.971443631,12.26000023,1.742738878
2022-10-12,29.1487751,1.282933922,12.69999981,3.588903525
2022-10-13,30.31632233,4.00547612,13.05000019,2.755908557
2022-10-14,31.01485634,2.304151553,13.10999966,0.459766016
2022-10-17,31.06475067,0.160872365,13.19999981,0.686500038
2022-10-18,32.10256958,3.340824846,13.69999981,3.787878843
2022-10-19,32.45183945,1.087981029,13.98999977,2.116788072
2022-10-20,32.0826149,-1.13776154,13.46000004,-3.788418453
2022-10-21,32.51171494,1.33748461,13.71000004,1.857355121
2022-10-24,33.20026779,2.117860771,14.10000038,2.844641446
2022-10-25,33.82894897,1.893602747,14.28999996,1.347514718
2022-10-26,33.82894897,0,14,-2.029390921
2022-10-27,34.01854706,0.560461053,13.97000027,-0.214283807
2022-10-28,34.59732819,1.701369335,14,0.214743968
2022-10-31,33.8588829,-2.134399737,14.18000031,1.285716466
2022-11-01,33.55951309,-0.884169194,14.10999966,-0.493657595
2022-11-02,31.99280357,-4.66845128,13.57999992,-3.756199475
2022-11-03,31.90299034,-0.280729484,13.72999954,1.104562735
2022-11-04,32.69133377,2.471064377,14.10999966,2.76766298
2022-11-07,33.29007721,1.83150508,14.31999969,1.488306472
2022-11-08,33.5195961,0.689451361,14.25,-0.488824695
2022-11-09,33.38986588,-0.387028007,13.97999954,-1.894740054
2022-11-10,35.41561508,6.066958203,14.93000031,6.795427711
2022-11-11,35.36571503,-0.140898456,14.88000011,-0.334897453
2022-11-14,34.61728668,-2.11625396,14.68000031,-1.344084729
2022-11-15,34.82685089,0.60537445,14.60999966,-0.476843645
2022-11-16,34.0484848,-2.234959719,14.09000015,-3.559202713
2022-11-17,33.98861313,-0.175842402,13.94999981,-0.993614917
2022-11-18,34.39775085,1.203749398,14.05000019,0.716848622
2022-11-21,34.15825272,-0.696261042,13.85000038,-1.423486168
2022-11-22,34.15825272,0,13.97999954,0.938622074
2022-11-23,34.41770935,0.759572326,14.42000008,3.147357285
2022-11-25,35.02642822,1.768621107,14.5,0.554784489
2022-11-28,33.79900742,-3.504270544,13.82999992,-4.620690181
2022-11-29,34.53745651,2.184824801,14.14000034,2.241507023
2022-11-30,35.29586411,2.195898799,14.43000031,2.050919058
2022-12-01,35.30584335,0.028273137,13.97999954,-3.11850834
2022-12-02,35.63515091,0.932728197,13.97000027,-0.071525576
2022-12-05,35.71498489,0.22403156,14.10999966,1.002143071
2022-12-06,35.83473206,0.335285489,14.32999992,1.559179818
2022-12-07,34.2580452,-4.399884605,13.55000019,-5.443124474
2022-12-08,33.45972061,-2.330327315,13.60000038,0.369005092
2022-12-09,33.72915268,0.805243029,13.52999973,-0.514710636
2022-12-12,34.69712448,2.869837292,14.19999981,4.951959272
2022-12-13,33.31003571,-3.997705275,13.46000004,-5.211266064
2022-12-14,34.2380867,2.78610027,13.35000038,-0.817233703
2022-12-15,33.1803093,-3.089475805,12.93000031,-3.146067897
2022-12-16,33.04060364,-0.421049897,12.81000042,-0.928073339
2022-12-19,32.85099792,-0.573856685,12.47999954,-2.576119177
2022-12-20,32.83104324,-0.060742999,12.52999973,0.400642569
2022-12-21,33.59942627,2.340416113,13.02999973,3.99042307
2022-12-22,32.85099792,-2.227503347,12.56000042,-3.607055434
2022-12-23,33.09049606,0.729043723,12.71000004,1.194264439
2022-12-27,32.83104324,-0.784070506,12.52999973,-1.416210107
2022-12-28,31.92294884,-2.765962688,12.31999969,-1.675977994
2022-12-29,32.66139603,2.313217344,12.69999981,3.08441659
2022-12-30,32.79112625,0.397197427,12.72000027,0.157483922
2023-01-03,32.54164886,-0.760807618,12.73999977,0.157228802
2023-01-04,34.31791687,5.458445,13.59000015,6.671902643
2023-01-05,35.15615845,2.442577096,13.98999977,2.943337852
2023-01-06,35.95447922,2.270784993,14.18000031,1.358116777
2023-01-09,36.69293213,2.053855117,14.60999966,3.032435418
2023-01-10,38.01016235,3.589874529,15.18999958,3.969883212
2023-01-11,38.09997559,0.236287421,15.34000015,0.987495565
2023-01-12,39.51699829,3.719222082,16.82999992,9.713166599
2023-01-13,38.11993408,-3.535350025,17.02000046,1.128939601
2023-01-17,38.17980576,0.157061325,17.07999992,0.352523292
2023-01-18,38.29955673,0.313650041,16.63999939,-2.57611555
2023-01-19,38.26961517,-0.078177299,16.28000069,-2.163453823
2023-01-20,38.9481926,1.773149325,16.34000015,0.368547073
2023-01-23,38.99808884,0.128109257,16.17000008,-1.040392134
2023-01-24,38.71867371,-0.716484164,16.02000046,-0.927641421
2023-01-25,39.29746246,1.494856879,16.26000023,1.498125869
2023-01-26,39.13779449,-0.406306053,16.61000061,2.152523841
2023-01-27,38.64882278,-1.249359389,16.43000031,-1.083686325
2023-01-30,38.31951523,-0.852050677,15.96000004,-2.860622388
2023-01-31,39.01804352,1.822904819,16.13999939,1.127815483
2023-02-01,39.80638885,2.020463524,16.69000053,3.407689995
2023-02-02,39.81637192,0.025079046,17.05999947,2.216889874
2023-02-03,39.49704361,-0.802002525,17.02000046,-0.234460782
2023-02-06,39.55691528,0.151585203,16.92000008,-0.587546291
2023-02-07,39.50701904,-0.126137844,16.95999908,0.236400756
2023-02-08,39.35733414,-0.378881803,16.96999931,0.058963617
2023-02-09,38.9282341,-1.090267027,16.65999985,-1.826750021
2023-02-10,38.08999252,-2.153299775,16.28000069,-2.280907348
2023-02-13,38.51909256,1.126542717,16.51000023,1.412773541
2023-02-14,39.01804352,1.295334145,16.79000092,1.695945989
2023-02-15,38.93821335,-0.204598085,16.79999924,0.059549261
2023-02-16,38.19976425,-1.896463739,16.38999939,-2.440475393
2023-02-17,38.27959824,0.208990778,16.36000061,-0.183030997
2023-02-21,37.02223587,-3.284680153,15.68999958,-4.095360666
2023-02-22,36.93242645,-0.242582371,15.56000042,-0.828547892
2023-02-23,37.45133591,1.405023997,15.86999989,1.992284432
2023-02-24,37.2816925,-0.452970229,15.56000042,-1.953367789
2023-02-27,37.76068878,1.284802928,15.63000011,0.449869492
2023-02-28,38.25963974,1.321350257,15.97999954,2.239279752
2023-03-01,38.42928314,0.443400417,16.03000069,0.312898284
2023-03-02,38.33946991,-0.233710403,16.12000084,0.561448214
2023-03-03,38.76856995,1.119212231,16.36000061,1.48883225
2023-03-06,38.3793869,-1.003862265,16.12000084,-1.466991211
2023-03-07,38.98810959,1.58606673,16.36000061,1.48883225
2023-03-08,39.6467247,1.689271727,16.59000015,1.40586512
2023-03-09,38.40932846,-3.121055395,15.88000011,-4.279686749
2023-03-10,37.17192459,-3.221623286,15.46000004,-2.644836733
2023-03-13,35.60521698,-4.214760544,14.85000038,-3.945664005
2023-03-14,35.39565659,-0.588566542,14.65999985,-1.279464843
2023-03-15,33.1603508,-6.31519797,13.85999966,-5.457027279
2023-03-16,33.63934326,1.444473447,14.11999989,1.875903574
2023-03-17,32.89091492,-2.224860155,13.97999954,-0.991503856
2023-03-20,33.07053757,0.546116308,13.96000004,-0.143057974
2023-03-21,33.81896591,2.263127242,14.36999989,2.93696165
2023-03-22,32.70131302,-3.304810963,13.81999969,-3.82741959
2023-03-23,32.07263565,-1.922483565,13.63000011,-1.374816097
2023-03-24,31.52378845,-1.71126316,13.72000027,0.660309258
2023-03-27,32.0626564,1.709400985,13.93999958,1.603493506
2023-03-28,32.40194321,1.058199296,13.97999954,0.286943781
2023-03-29,33.25016022,2.617796732,14.35000038,2.646644144
2023-03-30,34.03850555,2.370951995,14.47000027,0.836236114
2023-03-31,34.84680557,2.37466365,14.75,1.935036129
2023-04-03,34.31791687,-1.517753762,14.42000008,-2.237287618
2023-04-04,33.84890366,-1.366671572,14.15999985,-1.803052895
2023-04-05,33.38986588,-1.35613781,13.89000034,-1.906776179
2023-04-06,33.61938477,0.687390873,14.01000023,0.86393004
2023-04-10,33.8987999,0.831113159,14.14999962,0.999281851
2023-04-11,34.50752258,1.795705714,14.31999969,1.201413999
2023-04-12,33.66928101,-2.429156063,13,-9.21787516
2023-04-13,33.30005646,-1.096621423,12.94999981,-0.384616852
2023-04-14,33.69921875,1.198683531,12.78999996,-1.235520075
2023-04-17,34.51749802,2.428184678,13.10000038,2.423771857
2023-04-18,35.28588486,2.226079192,13.28999996,1.450378434
2023-04-19,35.85469055,1.611992152,13.63000011,2.558315678
2023-04-20,34.56739426,-3.590314894,13.31999969,-2.274397777
2023-04-21,34.2580452,-0.894915763,13.39999962,0.600600042
2023-04-24,34.0484848,-0.611711477,13.31999969,-0.597014373
2023-04-25,33.04060364,-2.960135144,12.84000015,-3.60360025
2023-04-26,32.68135452,-1.087295859,12.73999977,-0.778819161
2023-04-27,33.26014328,1.771006024,12.88000011,1.098903813
2023-04-28,34.2380867,2.940286252,13.64000034,5.900622843
2023-05-01,34.64722824,1.194989498,13.89000034,1.832844529
2023-05-02,34.45762253,-0.547246411,13.77000046,-0.86393004
2023-05-03,34.05846405,-1.158404,13.78999996,0.145239676
2023-05-04,33.01066589,-3.076469201,13.51000023,-2.030454922
2023-05-05,33.86886215,2.599754459,13.86999989,2.664690234
2023-05-08,34.12831879,0.766062448,14.35999966,3.532802993
2023-05-09,34.12831879,0,14.47000027,0.766020982
2023-05-10,33.72915268,-1.169603782,14.34000015,-0.898411279
2023-05-11,33.15037155,-1.715966996,14.06999969,-1.88284836
2023-05-12,33.1603508,0.030102975,14.02000046,-0.355360612
2023-05-15,33.64932251,1.474567363,14.27999973,1.85448835
2023-05-16,33.74911118,0.296554755,14.19999981,-0.560223566
2023-05-17,35.85469055,6.238918013,14.90999985,5.000000336
2023-05-18,35.81477356,-0.111329903,15.05000019,0.938969448
2023-05-19,35.51540375,-0.835883582,14.81999969,-1.528242478
2023-05-22,35.38567352,-0.365278755,14.38000011,-2.968958093
2023-05-23,35.83473206,1.269040513,14.06999969,-2.155774806
2023-05-24,34.85678864,-2.729037903,13.80000019,-1.918973063
2023-05-25,35.6750679,2.347546341,14.38000011,4.20289794
2023-05-26,35.81477356,0.391605864,14.35000038,-0.208621229
2023-05-30,36.2039566,1.086655047,14.61999989,1.881529595
2023-05-31,36.25385284,0.137819854,14.77999973,1.09439021
2023-06-01,36.30374908,0.137630173,14.69999981,-0.541271483
2023-06-02,36.93242645,1.731714724,14.86999989,1.156463119
2023-06-05,37.02223587,0.243172264,14.81000042,-0.403493385
2023-06-06,37.56110764,1.455535444,14.93000031,0.81026254
2023-06-07,38.14986801,1.567473413,15.15999985,1.54051934
2023-06-08,39.02802658,2.301865288,15.30000019,0.923485124
2023-06-09,39.19766617,0.434660941,15.56999969,1.764702619
2023-06-12,40.11574173,2.342168938,16.02000046,2.890178367
2023-06-13,41.47289276,3.383088466,16.30999947,1.810230961
2023-06-14,42.10157013,1.515875374,16.59000015,1.716742464
2023-06-15,42.79012299,1.635456479,16.64999962,0.36166043
2023-06-16,42.70031357,-0.209883523,16.47999954,-1.021021503
2023-06-20,42.39096069,-0.72447448,16.31999969,-0.970872887
2023-06-21,42.70031357,0.729761415,16.29999924,-0.122551827
2023-06-22,42.84999466,0.350538623,16.36000061,0.368106602
2023-06-23,42.77016449,-0.186301469,16.26000023,-0.611249253
2023-06-26,43.04957962,0.653294496,16.44000053,1.107012931
2023-06-27,45.99339676,6.838201824,17.35000038,5.535278697
2023-06-28,46.61209488,1.345189013,17.54999924,1.152731131
2023-06-29,46.2129364,-0.856340997,17.60000038,0.284906818
2023-06-30,47.44035721,2.656011287,17.94000053,1.931819007
2023-07-03,47.85947418,0.883460831,18.10000038,0.891860884
2023-07-05,48.41830444,1.167648142,18.31999969,1.215465794
2023-07-06,47.23079681,-2.452600608,17.87999916,-2.40174968
2023-07-07,47.77964401,1.16205365,18.35000038,2.628642297
2023-07-10,48.35842896,1.211363028,18.56999969,1.198906315
2023-07-11,48.5580101,0.412712221,18.79999924,1.238554367
2023-07-12,47.84949875,-1.459102939,18.56999969,-1.22340187
2023-07-13,47.61000061,-0.500523819,18.45000076,-0.646197813
2023-07-14,46.49000168,-2.352444691,18.13999939,-1.680224176
2023-07-17,46.79999924,0.666804791,18.18000031,0.220512221
2023-07-18,48.36999893,3.354700257,18.68000031,2.750274981
2023-07-19,48.54999924,0.372132126,18.60000038,-0.428265109
2023-07-20,48.68999863,0.28836126,17.44000053,-6.236558192
2023-07-21,48.54999924,-0.287532129,17.42000008,-0.11468152
2023-07-24,47.47999954,-2.203912897,16.87999916,-3.099890431
2023-07-25,46.43999863,-2.190397906,16.64999962,-1.362556598
2023-07-26,46.43000031,-0.021529547,16.76000023,0.660664342
2023-07-27,45.75,-1.464570969,16.56999969,-1.133654722
2023-07-28,45.72000122,-0.065571102,16.79000092,1.327708055
2023-07-31,46.25999832,1.18109599,16.75,-0.238242486
2023-08-01,45.40000153,-1.859050642,16.22999954,-3.104480345
2023-08-02,44.79999924,-1.3215909,15.94999981,-1.72519865
2023-08-03,44.18999863,-1.361608528,15.97999954,0.188086102
2023-08-04,44.59000015,0.905185649,15.84000015,-0.876091325
2023-08-07,45.24000168,1.457729365,15.98999977,0.94696728
2023-08-08,45.79000092,1.215736553,16.18000031,1.188246009
2023-08-09,45.02999878,-1.659755669,15.76000023,-2.595797703
2023-08-10,44.86000061,-0.377522038,15.76000023,0
2023-08-11,44.16999817,-1.538124013,15.64999962,-0.697973406
2023-08-14,44.22999954,0.135841919,15.88000011,1.469651767
2023-08-15,43.02000046,-2.73569771,15.55000019,-2.078085147
2023-08-16,42.66999817,-0.813580393,15.43999958,-0.707399415
2023-08-17,41.77999878,-2.085773208,15.05000019,-2.525902851
2023-08-18,41.49000168,-0.694105096,15.03999996,-0.066446703
2023-08-21,41.74000168,0.602554808,15.15999985,0.797871582
2023-08-22,41.61000061,-0.311454391,14.82999992,-2.176780521
2023-08-23,42.20000076,1.417928729,14.77999973,-0.337155705
2023-08-24,41.90000153,-0.710898653,14.56999969,-1.420839255
2023-08-25,41.70000076,-0.477328772,14.57999992,0.068635752
2023-08-28,42.40999985,1.702635663,14.72999954,1.028803973
2023-08-29,43.77000046,3.206792302,14.89999962,1.154107818
2023-08-30,43.22999954,-1.233723806,14.77000046,-0.872477611
2023-08-31,42.88000107,-0.809619426,14.72999954,-0.270825418
2023-09-01,42.86000061,-0.046642857,14.68000031,-0.339438144
2023-09-05,41.75999832,-2.566500871,14.30000019,-2.588556584
2023-09-06,41.70999908,-0.119729979,14.32999992,0.20978834
2023-09-07,41.13000107,-1.390549099,14,-2.30286061
2023-09-08,40.81999969,-0.753711075,13.97999954,-0.142860413
2023-09-11,40.84000015,0.048996712,14.09000015,0.786842732
2023-09-12,40.68999863,-0.367290708,14.10999966,0.14194112
2023-09-13,39.54999924,-2.801669767,13.31000042,-5.669732505
2023-09-14,39.33000183,-0.556251353,13.26000023,-0.375658822
2023-09-15,39.90000153,1.449274519,13.31000042,0.377075338
2023-09-18,38.88999939,-2.531333578,13.10999966,-1.502635287
2023-09-19,39.45000076,1.439962412,13.18999958,0.610220639
2023-09-20,38.88000107,-1.444866119,13.06000042,-0.985588817
2023-09-21,38.29999924,-1.491774216,13.06000042,0
2023-09-22,37.66999817,-1.644911438,12.89999962,-1.225120949
2023-09-25,37.56000137,-0.292001065,12.90999985,0.077521156
2023-09-26,36.77000046,-2.103303745,12.69999981,-1.626646326
2023-09-27,36.65999985,-0.299158578,12.60999966,-0.708662629
2023-09-28,36.95000076,0.791055419,12.92000008,2.45836977
2023-09-29,37,0.13531593,12.81000042,-0.851390527
